[{
  "blogTitle": "Difference between authorization and authentication",
  "blogImg": "https://i.ibb.co/3k6yxMQ/Authentication-vs-Authorization-2.png",
  "blog": " Authentication and Authorization are base on security.Authentication use for identify a user and users data.Which data user providing to access into system.Authorization is start after done Authentication.It checked providing data is ture or not.If it ture it will show system recourse ",
  "author": "Rifat",
  "postDate": "10-dec-2021"
 },
 {
  "blogTitle": "Difference between authorization and authentication",
  "blogImg": "https://i.ibb.co/TvGR9zH/Authentication-vs-Authorization-2-1.png",
  "blog": "Google Firebase have or provide lots of futures.Its a realtime database that helps alow to access to database directly from clint site code.Firebase help to save time to write code in backend.With help of firebase we can Sing,Run,Host,Mange any application. FireBase ALTERNATIVES? . There are lot of tech compeny provied Services like Firebase.For Ex - AWS,Auth0,Back4App ect.",
  "author": "Jhone",
  "postDate": "12-jan-2022"
 },
 {
  "blogTitle": "Difference between authorization and authentication",
  "blogImg": "https://i.ibb.co/PhSGwgz/what-is-google-firebase-definition.png",
  "blog": "As i say in previous blog firebase provide lots of services and all are most popular.With Firebase we can develop app,web-app,game.And we can host those big project in firebase.With help of it we can also manage big database.If we look on other Alternavite tool services provider they basicly based on a single future.Like : Pubnub – Real-time APIs and Global Messaging",
  "author": "Jhone",
  "postDate": "20-mar-2022"
 }
]