[{
    "courseName": "JavaScript Basics Course for Web Development",
    "author": "Rifat",
    "authorImg": "https://i.ibb.co/SRPsvDd/instructor-1.jpg",
    "img": "https://i.ibb.co/0FYkHfb/course-01.jpg",
    "discription": "Lorem ipsum dolor sit amet consectetur adipisicing",
    "price": 150,
    "students": "763",
    "lesson": "40",
    "rateing": "4.9"
  },
  {
    "courseName": "[82% Off] Java Web Services",
    "author": "Rifat",
    "authorImg": "https://i.ibb.co/SRPsvDd/instructor-1.jpg",
    "img": "https://img-c.udemycdn.com/course/750x422/2040040_6ffd.jpg",
    "discription": "Lorem ipsum dolor sit amet consectetur adipisicing",
    "price": 120,
    "students": "203",
    "lesson": "80",
    "rateing": "4.5"
  },
  {
    "courseName": "Python(Basic/Advanced) Course Coupon",
    "author": "Rifat",
    "authorImg": "https://i.ibb.co/SRPsvDd/instructor-1.jpg",
    "img": "https://img-c.udemycdn.com/course/750x422/4580658_2b81.jpg",
    "discription": "Lorem ipsum dolor sit amet consectetur adipisicing",
    "price": 150,
    "students": "250",
    "lesson": "90",
    "rateing": "4.7"
  },
  {
    "courseName": "Python Desktop Apps with Tkinter",
    "author": "Rifat",
    "authorImg": "https://i.ibb.co/SRPsvDd/instructor-1.jpg",
    "img": "https://img-c.udemycdn.com/course/750x422/2013246_2cb3_3.jpg",
    "discription": "Lorem ipsum dolor sit amet consectetur adipisicing",
    "price": 200,
    "students": "350",
    "lesson": "100",
    "rateing": "5.0"
  },
  {
    "courseName": "Solidity Interview Questions & Practice Tests",
    "author": "Rifat",
    "authorImg": "https://i.ibb.co/SRPsvDd/instructor-1.jpg",
    "img": "https://img-c.udemycdn.com/course/750x422/4504042_5679_3.jpg",
    "discription": "Lorem ipsum dolor sit amet consectetur adipisicing",
    "price": 500,
    "students": "50",
    "lesson": "160",
    "rateing": "5.9"
  },
  {
    "courseName": "CSS, JavaScript And PHP Complete Course",
    "author": "Rifat",
    "authorImg": "https://i.ibb.co/SRPsvDd/instructor-1.jpg",
    "img": "https://img-b.udemycdn.com/course/480x270/4345702_2025.jpg",
    "discription": "Lorem ipsum dolor sit amet consectetur adipisicing",
    "price": 20,
    "students": "50",
    "lesson": "160",
    "rateing": "5.9"
  },
  {
    "courseName": "JavaScript And PHP Complete Course",
    "author": "Rifat",
    "authorImg": "https://i.ibb.co/SRPsvDd/instructor-1.jpg",
    "img": "https://img-b.udemycdn.com/course/480x270/4551820_b8ca.jpg",
    "discription": "Lorem ipsum dolor sit amet consectetur adipisicing",
    "price": 190,
    "students": "50",
    "lesson": "160",
    "rateing": "5.9"
  },
  {
    "courseName": "[83% Off] ReactJS + Webpack + SASS",
    "author": "Rifat",
    "authorImg": "https://i.ibb.co/SRPsvDd/instructor-1.jpg",
    "img": "https://img-c.udemycdn.com/course/750x422/3738864_571d.jpg",
    "discription": "Lorem ipsum dolor sit amet consectetur adipisicing",
    "price": 130,
    "students": "50",
    "lesson": "160",
    "rateing": "5.9"
  },
  {
    "courseName": "Modern Web Development with React",
    "author": "Rifat",
    "authorImg": "https://i.ibb.co/SRPsvDd/instructor-1.jpg",
    "img": "https://img-c.udemycdn.com/course/750x422/4624946_5551.jpg",
    "discription": "Lorem ipsum dolor sit amet consectetur adipisicing",
    "price": 455,
    "students": "50",
    "lesson": "160",
    "rateing": "5.9"
  },
  {
    "courseName": "Complete React Redux Node Express MySQL",
    "author": "Rifat",
    "authorImg": "https://i.ibb.co/SRPsvDd/instructor-1.jpg",
    "img": "https://img-b.udemycdn.com/course/750x422/2677306_4174_2.jpg",
    "discription": "Lorem ipsum dolor sit amet consectetur adipisicing",
    "price": 640,
    "students": "50",
    "lesson": "160",
    "rateing": "5.9"
  },
  {
    "courseName": "C++ And Java And PHP The Big 3 Languages",
    "author": "Rifat",
    "authorImg": "https://i.ibb.co/SRPsvDd/instructor-1.jpg",
    "img": "https://img-c.udemycdn.com/course/750x422/4534294_643f_3.jpg",
    "discription": "Lorem ipsum dolor sit amet consectetur adipisicing",
    "price": 210,
    "students": "50",
    "lesson": "160",
    "rateing": "5.9"
  },
  {
    "courseName": "Web Development",
    "author": "Rifat",
    "authorImg": "https://i.ibb.co/SRPsvDd/instructor-1.jpg",
    "img": "https://img-c.udemycdn.com/course/750x422/4202336_b8f3.jpg",
    "discription": "Lorem ipsum dolor sit amet consectetur adipisicing",
    "price": 135,
    "students": "50",
    "lesson": "160",
    "rateing": "5.9"
  }
]